load_id,pickup,delivery,distance,equipment,weight,date,actual_rate,predicted_rate,absolute_error,rate_per_mile
TR-040097,Baltimore,Oklahoma City,1760.3,Reefer,29521.0,2025-09-11,20132.37,3802.3118100767842,16330.058189923215,11.436897119809123
TR-040172,Montgomery,Fresno,2283.4,Dry Van,32447.0,2025-09-11,20361.89,4264.466708884127,16097.423291115872,8.917355697643863
TR-043540,Milwaukee,Bakersfield,1893.0,Dry Van,30760.0,2025-10-03,17514.11,3591.8183904075304,13922.29160959247,9.25203909138933
TR-046214,Columbia,Tucson,2023.4,Flatbed,34710.0,2025-10-20,17893.17,4147.233933069375,13745.936066930622,8.84312049026391
TR-047299,Boston,Bakersfield,2979.1,Reefer,30585.0,2025-10-27,19110.3,6015.288672786953,13095.011327213047,6.414789701587728
TR-040323,Montgomery,El Paso,1639.9,Dry Van,38363.0,2025-09-12,14949.25,3217.861261851736,11731.388738148264,9.11595219220684
TR-046517,Toledo,Albuquerque,1684.3,Reefer,31536.0,2025-10-22,14784.38,3635.527422539036,11148.852577460962,8.77775930653684
TR-042882,San Antonio,Detroit,1460.5,Dry Van,43567.0,2025-09-29,13503.63,2837.587753507599,10666.042246492401,9.245895241355699
TR-042150,Grand Rapids,Lubbock,1415.5,Dry Van,35333.0,2025-09-24,13026.22,2793.664562542402,10232.555437457597,9.202557400211939
TR-047537,Los Angeles,Richmond,2782.4,Dry Van,25730.0,2025-10-29,15003.55,4856.462973222916,10147.087026777084,5.39230520414031
TR-046367,Bakersfield,Columbia,2251.9,Dry Van,40729.0,2025-10-21,14403.14,4309.396106105239,10093.74389389476,6.395994493538789
TR-044268,Albany,Albuquerque,2492.6,Dry Van,25513.0,2025-10-08,14425.42,4398.563300520224,10026.856699479777,5.787298403273691
TR-043303,Atlanta,Phoenix,2083.1,Reefer,40335.0,2025-10-01,13894.55,4449.444435084661,9445.105564915339,6.670131054678124
TR-043385,Lexington,Lubbock,1187.0,Dry Van,25359.0,2025-10-02,11696.44,2342.3712890905435,9354.068710909458,9.853782645324348
TR-042736,Jacksonville,Tucson,1943.0,Dry Van,16292.0,2025-09-28,12797.54,3478.9102859632767,9318.629714036724,6.586484817292846
TR-039363,Tulsa,Bakersfield,1477.7,Dry Van,30076.0,2025-09-06,11684.7,2870.5813544074786,8814.118645592522,7.9073560262570215
TR-047587,Corpus Christi,Las Vegas,1383.3,Flatbed,18645.0,2025-10-29,11596.28,2870.350183250903,8725.929816749098,8.383055013373816
TR-044345,Lexington,Albany,1040.0,Dry Van,36569.0,2025-10-08,10566.25,2044.351778955875,8521.898221044125,10.15985576923077
TR-040159,San Francisco,Shreveport,1950.8,Dry Van,40882.0,2025-09-11,12240.81,3874.7944273267494,8366.01557267325,6.27476419930285
TR-043887,Shreveport,Baltimore,1348.4,Reefer,25462.0,2025-10-05,11052.72,2911.8103850800385,8140.909614919961,8.196914862058735
TR-038772,Houston,New York,1543.2,Reefer,40543.0,2025-09-02,11377.49,3396.219315906465,7981.270684093535,7.372660705028512
TR-042646,Boston,Phoenix,3183.8,Dry Van,32231.0,2025-09-27,13420.59,5662.098682155499,7758.491317844501,4.215274200640744
TR-045820,Atlanta,Baltimore,940.4,Dry Van,30598.0,2025-10-18,9522.01,1851.5659307901085,7670.4440692098915,10.12548915355168
TR-039368,Baton Rouge,Grand Rapids,1103.7,Dry Van,22408.0,2025-09-06,9250.6,2040.1073426777994,7210.492657322201,8.381444233034339
TR-042992,Houston,Hartford,1667.1,Dry Van,20533.0,2025-09-29,10119.16,3041.0212308046584,7078.138769195341,6.069917821366445
TR-039480,Syracuse,Indianapolis,829.7,Reefer,27194.0,2025-09-07,8354.94,1812.3143560883336,6542.625643911667,10.069832469567313
TR-039460,Phoenix,Lexington,2217.9,Dry Van,32609.0,2025-09-07,10528.39,4060.55532257809,6467.83467742191,4.74700843139907
TR-043643,Milwaukee,Baltimore,985.2,Dry Van,16150.0,2025-10-04,8236.26,1883.909975569471,6352.350024430529,8.359987819732034
TR-046668,Albuquerque,Lexington,1643.6,Dry Van,21757.0,2025-10-23,9305.14,3016.6008008755985,6288.539199124401,5.6614383061572155
TR-047821,Los Angeles,Little Rock,1722.4,Reefer,41796.0,2025-10-30,9939.89,3771.7753090310234,6168.114690968976,5.770953320947514
TR-045286,Providence,Baton Rouge,1590.7,Dry Van,30170.0,2025-10-14,9208.2,3051.4155601219913,6156.784439878009,5.788772238637078
TR-040080,Tucson,Columbia,2046.7,Flatbed,23285.0,2025-09-11,9993.31,4038.06568442357,5955.2443155764295,4.8826452337909805
TR-044162,Baton Rouge,Detroit,1189.2,Flatbed,31603.0,2025-10-07,8425.34,2520.9835307551034,5904.356469244896,7.084880591994618
TR-047662,Phoenix,Oklahoma City,1261.3,Dry Van,35825.0,2025-10-30,8276.0,2575.1937455460884,5700.806254453912,6.561484182985809
TR-043102,Fort Wayne,Albany,874.4,Reefer,32660.0,2025-09-30,7443.31,1903.9704002912574,5539.339599708743,8.51247712717292
TR-043185,Fort Wayne,Atlanta,548.4,Reefer,26544.0,2025-10-01,6477.13,1260.436452470034,5216.693547529966,11.810959153902262
TR-045174,Corpus Christi,Atlanta,832.1,Dry Van,47500.0,2025-10-13,7004.3,1787.9140220943304,5216.385977905669,8.417618074750632
TR-039439,Tucson,Houston,1292.0,Dry Van,40140.0,2025-09-07,7773.89,2628.9996529639784,5144.890347036022,6.016942724458205
TR-046614,Little Rock,Buffalo,1038.6,Flatbed,18497.0,2025-10-23,7151.41,2123.897344982251,5027.512655017748,6.885624879645677
TR-043727,Reno,Toledo,2117.6,Dry Van,25124.0,2025-10-04,8592.93,3686.2052220610303,4906.72477793897,4.057862674726105
TR-047993,Cincinnati,Mobile,457.0,Reefer,34524.0,2025-10-31,5561.19,1180.5808502498285,4380.609149750171,12.16890590809628
TR-042453,Fort Wayne,Hartford,840.2,Dry Van,20529.0,2025-09-26,5949.01,1602.4243314023815,4346.585668597619,7.080468935967627
TR-042438,Toledo,Austin,1445.9,Dry Van,37298.0,2025-09-26,7197.15,2892.036982662459,4305.11301733754,4.977626391866657
TR-044503,Columbia,Shreveport,650.2,Dry Van,21435.0,2025-10-09,5511.27,1377.4951127131137,4133.774887286887,8.476268840356813
TR-039292,Indianapolis,Amarillo,1083.3,Dry Van,35906.0,2025-09-06,6295.71,2204.3122425469287,4091.3977574530713,5.811603433951814
TR-039909,Montgomery,Washington,838.2,Reefer,31435.0,2025-09-10,5795.79,1927.4979171143984,3868.2920828856013,6.914566929133858
TR-040874,Bakersfield,Baltimore,2897.4,Reefer,25930.0,2025-09-16,1843.92,5687.330398887985,3843.410398887985,0.6364050528059639
TR-040049,New York,Los Angeles,2887.9,Flatbed,31240.0,2025-09-10,1758.37,5556.714581503606,3798.3445815036057,0.6088749610443575
TR-043917,Nashville,Dayton,424.2,Dry Van,25622.0,2025-10-05,4646.65,923.2709292068904,3723.3790707931093,10.953913248467703
TR-045988,Hartford,Fort Wayne,832.2,Flatbed,33558.0,2025-10-19,5308.55,1750.809139290036,3557.740860709964,6.378935352078827
